{"cameraMode":{"drawMode":0,"name":"Shaded","section":"Shading Mode"},"sceneLighting":true,"audioPlay":false,"sceneViewState":{"m_AlwaysRefresh":false,"showFog":true,"showSkybox":true,"showFlares":true,"showImageEffects":true,"showParticleSystems":true,"showVisualEffectGraphs":true,"m_FxEnabled":true},"in2DMode":false,"pivot":{"x":-3.313256025314331,"y":0.583994448184967,"z":10.65307331085205},"rotation":{"x":0.004243082832545042,"y":0.9956924915313721,"z":-0.05712762102484703,"w":0.07479877024888993},"size":2.0401499271392824,"orthographic":false}