{"cameraMode":{"drawMode":0,"name":"Shaded","section":"Shading Mode"},"sceneLighting":true,"audioPlay":false,"sceneViewState":{"m_AlwaysRefresh":false,"showFog":true,"showSkybox":true,"showFlares":true,"showImageEffects":true,"showParticleSystems":true,"showVisualEffectGraphs":true,"m_FxEnabled":true},"in2DMode":false,"pivot":{"x":-3.459245204925537,"y":5.2027363777160648,"z":-4.307681083679199},"rotation":{"x":0.2146422415971756,"y":-0.008462333120405674,"z":0.0019600018858909609,"w":0.9767691493034363},"size":4.819926738739014,"orthographic":false}