{"cameraMode":{"drawMode":0,"name":"Shaded","section":"Shading Mode"},"sceneLighting":true,"audioPlay":false,"sceneViewState":{"m_AlwaysRefresh":false,"showFog":true,"showSkybox":true,"showFlares":true,"showImageEffects":true,"showParticleSystems":true,"showVisualEffectGraphs":true,"m_FxEnabled":true},"in2DMode":false,"pivot":{"x":-5.3306097984313969,"y":2.208282709121704,"z":4.87724494934082},"rotation":{"x":-0.05409916862845421,"y":0.08406420797109604,"z":-0.004545649513602257,"w":-0.9951285719871521},"size":2.1319565773010256,"orthographic":false}