{"cameraMode":{"drawMode":0,"name":"Shaded","section":"Shading Mode"},"sceneLighting":true,"audioPlay":false,"sceneViewState":{"m_AlwaysRefresh":false,"showFog":true,"showSkybox":true,"showFlares":true,"showImageEffects":true,"showParticleSystems":true,"showVisualEffectGraphs":true,"m_FxEnabled":true},"in2DMode":false,"pivot":{"x":-0.36018672585487368,"y":1.5592153072357178,"z":0.7232297658920288},"rotation":{"x":-0.1836453229188919,"y":0.4650788903236389,"z":-0.09927871823310852,"w":-0.8603020310401917},"size":1.7036724090576172,"orthographic":false}