{"cameraMode":{"drawMode":0,"name":"Shaded","section":"Shading Mode"},"sceneLighting":false,"audioPlay":false,"sceneViewState":{"m_AlwaysRefresh":false,"showFog":false,"showSkybox":false,"showFlares":false,"showImageEffects":false,"showParticleSystems":false,"showVisualEffectGraphs":true,"m_FxEnabled":true},"in2DMode":false,"pivot":{"x":2.1588103771209719,"y":2.2883667945861818,"z":0.010392487049102784},"rotation":{"x":0.04136989638209343,"y":0.8093993067741394,"z":-0.057401709258556369,"w":0.5831026434898377},"size":1.8356797695159913,"orthographic":false}